Setor;Emitente;N� Fatura / ATCUD;Tipo;Data Emiss�o;Total;IVA;Base Tribut�vel;Situa��o;Comunica��o  Emitente;Comunica��o  Adquirente
Outros;500927162 - Auto Taxis Andrafer Lda;FT AFT/227 / JFWB93T6-227;Fatura;13/11/2024;17.710,00 �;1.002,45 �;16.707,55 �;Registado;X;
Outros;212760661 - Mauro Hugo de Oliveira e Prucha;FR ATSIRE01FR/1 / JJ3TWR32-1;Fatura-recibo;23/12/2024;608,85 �;113,85 �;495,00 �;Registado;X;
Alojamento, restaura��o e similares;515441880 - Simplicityspirit Unipessoal Lda;2 B/5518 / JFH4K56W-5518;Fatura-recibo;07/10/2024;545,00 �;66,59 �;478,41 �;Registado;X;
Alojamento, restaura��o e similares;501081704 - Paberesbares Actividades Hotelaria Lda;FR A2431/603 / JJKVGZRY-603;Fatura-recibo;11/10/2024;424,50 �;63,87 �;360,63 �;Registado;X;
Outros;243426011 - Pedro de Almeida Gomes Pinto Patarelo;FR ATSIRE01FR/5 / JJXVMCZ9-5;Fatura-recibo;14/11/2024;233,70 �;43,70 �;190,00 �;Registado;X;
Outros;509951783 - Hdc - Hora das Contas Lda;FT 2023/229 / JFH26B3Z-229;Fatura;15/11/2024;184,78 �;34,55 �;150,23 �;Registado;X;
Outros;509951783 - Hdc - Hora das Contas Lda;FT 2023/219 / JFH26B3Z-219;Fatura;07/10/2024;184,78 �;34,55 �;150,23 �;Registado;X;
;505174839 - Parques de Sintra - Monte da Lua S A;FTR 24001/62735 / JF848BH6-62735;Fatura-recibo;12/11/2024;175,00 �;32,72 �;142,28 �;Registado;X;
;505174839 - Parques de Sintra - Monte da Lua S A;FTR 24001/55068 / JF848BH6-55068;Fatura-recibo;01/10/2024;175,00 �;32,72 �;142,28 �;Registado;X;
Alojamento, restaura��o e similares;510779042 - Resumocurioso - Restaurante Lda;FT 2A2401/1610 / JJK2R9D9-1610;Fatura-recibo;16/12/2024;208,00 �;29,90 �;178,10 �;Registado;X;
;510897878 - Actions Sport Cafe - Comercio de Artigos de Desporto Lda;FT 7A2401/2112 / JJNBR4CY-2112;Fatura-recibo;06/12/2024;190,00 �;24,39 �;165,61 �;Registado;X;
;505174839 - Parques de Sintra - Monte da Lua S A;FTR 24001/58654 / JF848BH6-58654;Fatura-recibo;18/10/2024;119,10 �;20,04 �;99,06 �;Registado;X;
;515321559 - Club Des Chateaux Lisboa Lda;FT 2A2401/1909 / JJHX8MSM-1909;Fatura-recibo;18/11/2024;111,60 �;18,83 �;92,77 �;Registado;X;
;510897878 - Actions Sport Cafe - Comercio de Artigos de Desporto Lda;FT 7A2401/1947 / JJNBR4CY-1947;Fatura-recibo;20/11/2024;136,00 �;18,38 �;117,62 �;Registado;X;
;510897878 - Actions Sport Cafe - Comercio de Artigos de Desporto Lda;NC 7A2401/3 / JJZ8GR6C-3;Nota de cr�dito;20/11/2024;136,00 �;18,38 �;117,62 �;Registado;X;
;510897878 - Actions Sport Cafe - Comercio de Artigos de Desporto Lda;FT 7A2401/1722 / JJNBR4CY-1722;Fatura-recibo;01/11/2024;143,38 �;18,22 �;125,16 �;Registado;X;
;502604751 - Nos Comunica��es S A;FT 202495/1968466 / JJF7WWKM-1968466;Fatura;02/10/2024;93,91 �;17,55 �;76,36 �;Registado;X;
Alojamento, restaura��o e similares;503852686 - Marques & Pacheco Actividades Hoteleiras Lda;FR 216/4676 / JJVCTMJB-4676;Fatura-recibo;11/11/2024;155,00 �;17,18 �;137,82 �;Registado;X;
;502604751 - Nos Comunica��es S A;FT 202495/2167372 / JJF7WWKM-2167372;Fatura;05/11/2024;91,82 �;17,17 �;74,65 �;Registado;X;
Alojamento, restaura��o e similares;502981679 - Sete Mares Actividades Hoteleiras Lda;FR 24L1SM7R/9401 / JFDXN9XF-9401;Fatura-recibo;25/11/2024;133,20 �;17,06 �;116,14 �;Registado;X;
;502604751 - Nos Comunica��es S A;FT 202495/2370750 / JJF7WWKM-2370750;Fatura;03/12/2024;88,19 �;16,48 �;71,71 �;Registado;X;
;510649629 - Amiroad, Lda;FA FA2024/4138 / JJ5G65B9-4138;Fatura;06/11/2024;290,00 �;16,42 �;273,58 �;Registado;X;
Outros;510195032 - Acustica Suave Lda;4 214/1772 / JJ5F5TNS-1772;Fatura;06/12/2024;80,00 �;14,96 �;65,04 �;Registado;X;
;505174839 - Parques de Sintra - Monte da Lua S A;FTR 24001/64966 / JF848BH6-64966;Fatura-recibo;03/12/2024;70,00 �;13,09 �;56,91 �;Registado;X;
;505174839 - Parques de Sintra - Monte da Lua S A;FTR 24001/58919 / JF848BH6-58919;Fatura-recibo;19/10/2024;70,00 �;13,09 �;56,91 �;Registado;X;
Alojamento, restaura��o e similares;502036788 - Portugalia Restaura��o S A;FS 301/750317 / JFHFY4T3-750317;Fatura simplificada;22/10/2024;62,55 �;8,09 �;54,46 �;Registado;X;
;500776199 - Manuel Castanheira Martinez Lda;FS 003/344048 / JF286D9F-344048;Fatura simplificada;16/10/2024;55,10 �;7,06 �;48,04 �;Registado;X;
;514778369 - M�rito e Sintonia, Lda;FS A24MSFO1/91234 / JJFDF8RH-91234;Fatura simplificada;11/10/2024;49,00 �;6,50 �;42,50 �;Registado;X;
Alojamento, restaura��o e similares;502036788 - Portugalia Restaura��o S A;FS 301/758311 / JFHFY4T3-758311;Fatura simplificada;24/11/2024;49,80 �;6,08 �;43,72 �;Registado;X;
Alojamento, restaura��o e similares;502036788 - Portugalia Restaura��o S A;FS 301/747558 / JFHFY4T3-747558;Fatura simplificada;12/10/2024;50,05 �;5,95 �;44,10 �;Registado;X;
Alojamento, restaura��o e similares;502036788 - Portugalia Restaura��o S A;FS 301/758083 / JFHFY4T3-758083;Fatura simplificada;23/11/2024;46,55 �;5,41 �;41,14 �;Registado;X;
Alojamento, restaura��o e similares;502036788 - Portugalia Restaura��o S A;FS 301/749520 / JFHFY4T3-749520;Fatura simplificada;19/10/2024;46,15 �;5,21 �;40,94 �;Registado;X;
Alojamento, restaura��o e similares;513550631 - Republica da Esperan�a Restaura��o & Bebidas Unipessoal Lda;FS A24LCFFO/83011 / JJFM6ZZP-83011;Fatura simplificada;09/11/2024;23,00 �;4,30 �;18,70 �;Registado;X;
;514778369 - M�rito e Sintonia, Lda;FS A24MSFO1/99402 / JJFDF8RH-99402;Fatura simplificada;04/11/2024;37,00 �;4,26 �;32,74 �;Registado;X;
Alojamento, restaura��o e similares;502036788 - Portugalia Restaura��o S A;FS 301/747276 / JFHFY4T3-747276;Fatura simplificada;11/10/2024;30,40 �;3,87 �;26,53 �;Registado;X;
Alojamento, restaura��o e similares;514704349 - Solar da Rua da Madalena Unipessoal Lda;1 2301A1/29852 / JFRVGR7D-29852;Fatura simplificada;16/10/2024;22,00 �;3,79 �;18,21 �;Registado;X;
Alojamento, restaura��o e similares;502036788 - Portugalia Restaura��o S A;FS 301/746023 / JFHFY4T3-746023;Fatura simplificada;06/10/2024;30,55 �;3,60 �;26,95 �;Registado;X;
Alojamento, restaura��o e similares;502036788 - Portugalia Restaura��o S A;FS 301/748147 / JFHFY4T3-748147;Fatura simplificada;14/10/2024;28,15 �;3,56 �;24,59 �;Registado;X;
Alojamento, restaura��o e similares;502036788 - Portugalia Restaura��o S A;FS 301/754919 / JFHFY4T3-754919;Fatura simplificada;09/11/2024;26,70 �;3,34 �;23,36 �;Registado;X;
;509872590 - Cravo Popular - Lda;4 C23/16 / JFWNNYBM-16;Nota de cr�dito;24/10/2024;17,00 �;3,18 �;13,82 �;Registado;X;
Alojamento, restaura��o e similares;502036788 - Portugalia Restaura��o S A;FS 301/745390 / JFHFY4T3-745390;Fatura simplificada;04/10/2024;24,85 �;3,13 �;21,72 �;Registado;X;
Alojamento, restaura��o e similares;514704349 - Solar da Rua da Madalena Unipessoal Lda;1 2301A1/29628 / JFRVGR7D-29628;Fatura simplificada;12/10/2024;17,80 �;3,12 �;14,68 �;Registado;X;
Alojamento, restaura��o e similares;502036788 - Portugalia Restaura��o S A;FS 301/752632 / JFHFY4T3-752632;Fatura simplificada;31/10/2024;24,00 �;2,93 �;21,07 �;Registado;X;
Alojamento, restaura��o e similares;514704349 - Solar da Rua da Madalena Unipessoal Lda;1 2301A1/31578 / JFRVGR7D-31578;Fatura simplificada;09/11/2024;15,00 �;2,80 �;12,20 �;Registado;X;
;500228779 - Antiga Confeitaria Belem Lda;FS 901/6269164 / JFSTT664-6269164;Fatura simplificada;15/10/2024;24,30 �;2,79 �;21,51 �;Registado;X;
Alojamento, restaura��o e similares;502036788 - Portugalia Restaura��o S A;FS 301/752908 / JFHFY4T3-752908;Fatura simplificada;01/11/2024;25,15 �;2,76 �;22,39 �;Registado;X;
Alojamento, restaura��o e similares;502036788 - Portugalia Restaura��o S A;FS 301/750515 / JFHFY4T3-750515;Fatura simplificada;23/10/2024;22,10 �;2,73 �;19,37 �;Registado;X;
;516537032 - Ideias Circulares Lda;1 IDE23/35729 / JF9Y9PR9-35729;Fatura simplificada;24/11/2024;14,40 �;2,69 �;11,71 �;Registado;X;
Alojamento, restaura��o e similares;502036788 - Portugalia Restaura��o S A;FS 301/760424 / JFHFY4T3-760424;Fatura simplificada;03/12/2024;22,25 �;2,63 �;19,62 �;Registado;X;
Alojamento, restaura��o e similares;513086587 - Agorda Lda;FS 101/531781 / JFXSVGTP-531781;Fatura simplificada;14/10/2024;14,00 �;2,62 �;11,38 �;Registado;X;
;500489793 - Baltazar Roiz Castanheiro,sucessor S.A.;FS A245/154419 / JF83NTPJ-154419;Fatura simplificada;16/10/2024;22,05 �;2,61 �;19,44 �;Registado;X;
;514778369 - M�rito e Sintonia, Lda;FS A24MSFO1/100661 / JJFDF8RH-100661;Fatura simplificada;09/11/2024;22,50 �;2,59 �;19,91 �;Registado;X;
;516537032 - Ideias Circulares Lda;1 IDE23/32780 / JF9Y9PR9-32780;Fatura simplificada;14/10/2024;15,20 �;2,53 �;12,67 �;Registado;X;
Alojamento, restaura��o e similares;514704349 - Solar da Rua da Madalena Unipessoal Lda;1 2301A1/30165 / JFRVGR7D-30165;Fatura simplificada;19/10/2024;13,00 �;2,43 �;10,57 �;Registado;X;
;235671282 - Paulo David Vinagre Rodrigues;1 A/19789 / JJN5YDYD-19789;Fatura simplificada;24/11/2024;20,00 �;2,30 �;17,70 �;Registado;X;
Alojamento, restaura��o e similares;513550631 - Republica da Esperan�a Restaura��o & Bebidas Unipessoal Lda;FS A24LCFFO/74702 / JJFM6ZZP-74702;Fatura simplificada;11/10/2024;11,60 �;2,17 �;9,43 �;Registado;X;
Alojamento, restaura��o e similares;514704349 - Solar da Rua da Madalena Unipessoal Lda;1 2301A1/29708 / JFRVGR7D-29708;Fatura simplificada;14/10/2024;11,70 �;2,12 �;9,58 �;Registado;X;
;514778369 - M�rito e Sintonia, Lda;FS A24MSFO1/92513 / JJFDF8RH-92513;Fatura simplificada;14/10/2024;15,50 �;1,78 �;13,72 �;Registado;X;
Alojamento, restaura��o e similares;514704349 - Solar da Rua da Madalena Unipessoal Lda;1 2301A1/33298 / JFRVGR7D-33298;Fatura simplificada;03/12/2024;8,60 �;1,61 �;6,99 �;Registado;X;
;505174839 - Parques de Sintra - Monte da Lua S A;FTR 24001/62738 / JF848BH6-62738;Fatura-recibo;12/11/2024;28,50 �;1,61 �;26,89 �;Registado;X;
Alojamento, restaura��o e similares;513064621 - S�o Bento Development, Lda;FS A241795/64537 / JFCNYMY6-64537;Fatura simplificada;16/10/2024;14,00 �;1,61 �;12,39 �;Registado;X;
Alojamento, restaura��o e similares;514704349 - Solar da Rua da Madalena Unipessoal Lda;1 2301A1/28740 / JFRVGR7D-28740;Fatura simplificada;02/10/2024;8,60 �;1,61 �;6,99 �;Registado;X;
Alojamento, restaura��o e similares;514704349 - Solar da Rua da Madalena Unipessoal Lda;1 2301A1/32660 / JFRVGR7D-32660;Fatura simplificada;23/11/2024;8,40 �;1,57 �;6,83 �;Registado;X;
Alojamento, restaura��o e similares;514704349 - Solar da Rua da Madalena Unipessoal Lda;1 2301A1/30360 / JFRVGR7D-30360;Fatura simplificada;22/10/2024;8,40 �;1,57 �;6,83 �;Registado;X;
Alojamento, restaura��o e similares;501955720 - Ginginha Cima Lda;FS 24A/147563 / JJ67XKKG-147563;Fatura simplificada;24/11/2024;7,75 �;1,45 �;6,30 �;Registado;X;
Alojamento, restaura��o e similares;501955720 - Ginginha Cima Lda;FS 24A/137186 / JJ67XKKG-137186;Fatura simplificada;01/11/2024;7,75 �;1,45 �;6,30 �;Registado;X;
Alojamento, restaura��o e similares;501955720 - Ginginha Cima Lda;FS 24A/131279 / JJ67XKKG-131279;Fatura simplificada;19/10/2024;7,75 �;1,45 �;6,30 �;Registado;X;
Alojamento, restaura��o e similares;501955720 - Ginginha Cima Lda;FS 24A/129812 / JJ67XKKG-129812;Fatura simplificada;16/10/2024;7,75 �;1,45 �;6,30 �;Registado;X;
;500773157 - Casa do Alentejo;FS 101/504977 / JFSPZGMC-504977;Fatura simplificada;05/10/2024;12,20 �;1,40 �;10,80 �;Registado;X;
Outros;501465804 - Edenred Portugal, S.A.;INV PHC-PORTUGAL/20241000206234 / JFCXF22V-20241000206234;Fatura;04/12/2024;209,04 �;1,39 �;207,65 �;Registado;X;
Outros;501465804 - Edenred Portugal, S.A.;INV PHC-PORTUGAL/20241000181350 / JFCXF22V-20241000181350;Fatura;30/10/2024;209,04 �;1,39 �;207,65 �;Registado;X;
Alojamento, restaura��o e similares;510551092 - Elenco Unico Lda;FS 00002/545289 / JF27P3X3-545289;Fatura simplificada;02/10/2024;10,20 �;1,39 �;8,81 �;Registado;X;
Alojamento, restaura��o e similares;510551092 - Elenco Unico Lda;FS 00002/567767 / JF27P3X3-567767;Fatura simplificada;24/11/2024;12,00 �;1,38 �;10,62 �;Registado;X;
Alojamento, restaura��o e similares;514704349 - Solar da Rua da Madalena Unipessoal Lda;1 2301A1/31237 / JFRVGR7D-31237;Fatura simplificada;04/11/2024;7,40 �;1,38 �;6,02 �;Registado;X;
;509323065 - A Padaria Portuguesa Cq - Actividades Hoteleiras Lda;FR 127/6012 / JF29C6DD-6012;Fatura-recibo;23/10/2024;11,97 �;1,38 �;10,59 �;Registado;X;
Alojamento, restaura��o e similares;510886396 - Happykey Lda;FR 002/62580 / JFTSYV48-62580;Fatura-recibo;16/10/2024;11,80 �;1,36 �;10,44 �;Registado;X;
;516537032 - Ideias Circulares Lda;1 IDE23/34321 / JF9Y9PR9-34321;Fatura simplificada;04/11/2024;7,20 �;1,35 �;5,85 �;Registado;X;
;516537032 - Ideias Circulares Lda;1 IDE23/32921 / JF9Y9PR9-32921;Fatura simplificada;16/10/2024;7,20 �;1,35 �;5,85 �;Registado;X;
;501883045 - Santini S.A.;FS 117/499731 / JFK3WSZY-499731;Fatura simplificada;16/10/2024;11,70 �;1,35 �;10,35 �;Registado;X;
;516537032 - Ideias Circulares Lda;1 IDE23/32065 / JF9Y9PR9-32065;Fatura simplificada;05/10/2024;7,20 �;1,35 �;5,85 �;Registado;X;
Alojamento, restaura��o e similares;514218134 - A Merendeira Lda;FR 11/115521 / JFJBDG3W-115521;Fatura-recibo;05/10/2024;11,70 �;1,35 �;10,35 �;Registado;X;
Alojamento, restaura��o e similares;514704349 - Solar da Rua da Madalena Unipessoal Lda;1 2301A1/28900 / JFRVGR7D-28900;Fatura simplificada;04/10/2024;7,10 �;1,33 �;5,77 �;Registado;X;
;505174839 - Parques de Sintra - Monte da Lua S A;FTR 24001/56029 / JF848BH6-56029;Fatura-recibo;05/10/2024;22,80 �;1,29 �;21,51 �;Registado;X;
;513063536 - Marlene Vieira, Lda;VZ6 M24CMVFO/96738 / JJZR8G3Z-96738;Fatura simplificada;16/10/2024;11,00 �;1,26 �;9,74 �;Registado;X;
;509872590 - Cravo Popular - Lda;1 B/39716 / JFWNH5R3-39716;Fatura simplificada;09/11/2024;6,20 �;1,16 �;5,04 �;Registado;X;
;500545510 - Francisco Espinheira e Cia Lda;FS 22/392155 / JFZBK82H-392155;Fatura simplificada;31/10/2024;6,20 �;1,16 �;5,04 �;Registado;X;
;510601316 - Nata da Nata Lda;FS 002/111814 / JJKWSCZX-111814;Fatura simplificada;22/10/2024;10,10 �;1,16 �;8,94 �;Registado;X;
Alojamento, restaura��o e similares;501955720 - Ginginha Cima Lda;FS 24A/128186 / JJ67XKKG-128186;Fatura simplificada;12/10/2024;6,20 �;1,16 �;5,04 �;Registado;X;
Alojamento, restaura��o e similares;515638927 - Casa S�o Miguel Unipessoal Lda;FS 24002/20364 / JJJK4CFX-20364;Fatura simplificada;08/12/2024;9,60 �;1,10 �;8,50 �;Registado;X;
Outros;501465804 - Edenred Portugal, S.A.;INV PHC-PORTUGAL/20241000219358 / JFCXF22V-20241000219358;Fatura;30/12/2024;159,27 �;1,06 �;158,21 �;Registado;X;
;504273183 - Prime Food, S.A.;FS 022/2948360 / JFF2B6SN-2948360;Fatura simplificada;01/11/2024;9,15 �;1,06 �;8,09 �;Registado;X;
Alojamento, restaura��o e similares;514704349 - Solar da Rua da Madalena Unipessoal Lda;1 2301A1/31661 / JFRVGR7D-31661;Fatura simplificada;09/11/2024;7,30 �;1,04 �;6,26 �;Registado;X;
Alojamento, restaura��o e similares;510551092 - Elenco Unico Lda;FS 00002/550665 / JF27P3X3-550665;Fatura simplificada;14/10/2024;9,00 �;1,04 �;7,96 �;Registado;X;
;505174839 - Parques de Sintra - Monte da Lua S A;FTR 24001/58298 / JF848BH6-58298;Fatura-recibo;16/10/2024;17,10 �;0,97 �;16,13 �;Registado;X;
;518148432 - Velocidade da Luz Unipessoal Lda;FR T0006/29708 / JJVT9P5D-29708;Fatura-recibo;28/12/2024;16,57 �;0,94 �;15,63 �;Registado;X;
Alojamento, restaura��o e similares;510551092 - Elenco Unico Lda;FS 00002/561310 / JF27P3X3-561310;Fatura simplificada;09/11/2024;8,00 �;0,92 �;7,08 �;Registado;X;
Alojamento, restaura��o e similares;510551092 - Elenco Unico Lda;FS 00002/552775 / JF27P3X3-552775;Fatura simplificada;19/10/2024;8,00 �;0,92 �;7,08 �;Registado;X;
Alojamento, restaura��o e similares;513550631 - Republica da Esperan�a Restaura��o & Bebidas Unipessoal Lda;FS A24LCFFO/74699 / JJFM6ZZP-74699;Fatura simplificada;11/10/2024;8,00 �;0,92 �;7,08 �;Registado;X;
;510601316 - Nata da Nata Lda;FS A24VSEVFO20/477668 / JFCMVH9T-477668;Fatura simplificada;24/11/2024;7,80 �;0,90 �;6,90 �;Registado;X;
;516537032 - Ideias Circulares Lda;1 IDE23/34068 / JF9Y9PR9-34068;Fatura simplificada;31/10/2024;4,80 �;0,90 �;3,90 �;Registado;X;
;516537032 - Ideias Circulares Lda;1 IDE23/32160 / JF9Y9PR9-32160;Fatura simplificada;06/10/2024;4,80 �;0,90 �;3,90 �;Registado;X;
;514377984 - Longitudelaxia Unipessoal Lda;FR T0003/107630 / JFSF5M2R-107630;Fatura-recibo;12/10/2024;15,44 �;0,88 �;14,56 �;Registado;X;
;500545510 - Francisco Espinheira e Cia Lda;FS 22/407178 / JFZBK82H-407178;Fatura simplificada;08/12/2024;4,65 �;0,87 �;3,78 �;Registado;X;
Alojamento, restaura��o e similares;501955720 - Ginginha Cima Lda;FS 24A/140770 / JJ67XKKG-140770;Fatura simplificada;09/11/2024;4,65 �;0,87 �;3,78 �;Registado;X;
Alojamento, restaura��o e similares;501955720 - Ginginha Cima Lda;FS 24A/132994 / JJ67XKKG-132994;Fatura simplificada;23/10/2024;4,65 �;0,87 �;3,78 �;Registado;X;
Alojamento, restaura��o e similares;501955720 - Ginginha Cima Lda;FS 24A/129866 / JJ67XKKG-129866;Fatura simplificada;16/10/2024;4,65 �;0,87 �;3,78 �;Registado;X;
Alojamento, restaura��o e similares;501955720 - Ginginha Cima Lda;FS 24A/127570 / JJ67XKKG-127570;Fatura simplificada;11/10/2024;4,65 �;0,87 �;3,78 �;Registado;X;
Alojamento, restaura��o e similares;501955720 - Ginginha Cima Lda;FS 24A/125233 / JJ67XKKG-125233;Fatura simplificada;06/10/2024;4,65 �;0,87 �;3,78 �;Registado;X;
;509323065 - A Padaria Portuguesa Cq - Actividades Hoteleiras Lda;FS 053/642760 / JFKJBSDY-642760;Fatura simplificada;05/10/2024;7,54 �;0,87 �;6,67 �;Registado;X;
Alojamento, restaura��o e similares;514704349 - Solar da Rua da Madalena Unipessoal Lda;1 2301A1/30362 / JFRVGR7D-30362;Fatura simplificada;22/10/2024;5,60 �;0,86 �;4,74 �;Registado;X;
;500489793 - Baltazar Roiz Castanheiro,sucessor S.A.;FS A245/147618 / JF83NTPJ-147618;Fatura simplificada;04/10/2024;7,40 �;0,86 �;6,54 �;Registado;X;
Outros;517552582 - Urbanscripter Unipessoal Lda;FR T0001/5163 / JF8DNTCP-5163;Fatura-recibo;22/10/2024;14,42 �;0,82 �;13,60 �;Registado;X;
;510601316 - Nata da Nata Lda;FS A24VSEVFO20/419796 / JFCMVH9T-419796;Fatura simplificada;14/10/2024;4,90 �;0,82 �;4,08 �;Registado;X;
Alojamento, restaura��o e similares;513064621 - S�o Bento Development, Lda;FS A241795/69962 / JFCNYMY6-69962;Fatura simplificada;09/11/2024;7,00 �;0,81 �;6,19 �;Registado;X;
Alojamento, restaura��o e similares;510886396 - Happykey Lda;FS 002/504247 / JFTBYV4D-504247;Fatura simplificada;19/10/2024;7,00 �;0,81 �;6,19 �;Registado;X;
Alojamento, restaura��o e similares;513064621 - S�o Bento Development, Lda;FS A241795/64075 / JFCNYMY6-64075;Fatura simplificada;14/10/2024;7,00 �;0,81 �;6,19 �;Registado;X;
;505174839 - Parques de Sintra - Monte da Lua S A;FTR 24001/57285 / JF848BH6-57285;Fatura-recibo;11/10/2024;14,25 �;0,81 �;13,44 �;Registado;X;
;517086948 - Daniel Vieira Tomaz Unipessoal Lda;FR T0002/26819 / JFSSF49P-26819;Fatura-recibo;20/12/2024;13,36 �;0,76 �;12,60 �;Registado;X;
;515367850 - Castrogen Unipessoal Lda;FS A24LCMCSFO/90493 / JFCHXM9F-90493;Fatura simplificada;16/10/2024;6,60 �;0,76 �;5,84 �;Registado;X;
;515367850 - Castrogen Unipessoal Lda;FS A24LCMCSFO/89749 / JFCHXM9F-89749;Fatura simplificada;14/10/2024;6,60 �;0,76 �;5,84 �;Registado;X;
;517173930 - Montes Quaresma, Unipessoal, Lda;FR T0001/61606 / JFDGPX79-61606;Fatura-recibo;15/12/2024;13,08 �;0,74 �;12,34 �;Registado;X;
Outros;517692880 - Weekend Automat Lda;FR T0001/75459 / JF84H8KC-75459;Fatura-recibo;26/11/2024;12,98 �;0,73 �;12,25 �;Registado;X;
;505760088 - Auto Pomarinho Itinerante, Lda;FR T0005/622092 / JFM6DHCD-622092;Fatura-recibo;23/11/2024;12,98 �;0,73 �;12,25 �;Registado;X;
Alojamento, restaura��o e similares;510551092 - Elenco Unico Lda;FS 00002/573694 / JF27P3X3-573694;Fatura simplificada;08/12/2024;6,00 �;0,69 �;5,31 �;Registado;X;
Alojamento, restaura��o e similares;510551092 - Elenco Unico Lda;FS 00002/547126 / JF27P3X3-547126;Fatura simplificada;06/10/2024;6,00 �;0,69 �;5,31 �;Registado;X;
;514598441 - Uber Ao Pap�, Lda;FR T0004/172233 / JFMSD58Z-172233;Fatura-recibo;26/11/2024;11,99 �;0,68 �;11,31 �;Registado;X;
Outros;517081300 - Carrossel Itinerante, Lda;FR T0001/12841 / JFPX9M25-12841;Fatura-recibo;20/11/2024;11,95 �;0,68 �;11,27 �;Registado;X;
;509323065 - A Padaria Portuguesa Cq - Actividades Hoteleiras Lda;FR 127/6124 / JF29C6DD-6124;Fatura-recibo;04/11/2024;5,90 �;0,68 �;5,22 �;Registado;X;
Outros;517244942 - Distancia Didatica - Unipessoal Lda;FR T0001/11568 / JFG6RRST-11568;Fatura-recibo;21/10/2024;12,01 �;0,68 �;11,33 �;Registado;X;
;510601316 - Nata da Nata Lda;FS 002/112585 / JJKWSCZX-112585;Fatura simplificada;23/10/2024;5,70 �;0,66 �;5,04 �;Registado;X;
Outros;508668050 - Blueticket - Servi�os de Bilhetica S A;FS 0000000253/0001311326 / JFHXXF2G-0001311326;Fatura simplificada;12/10/2024;3,54 �;0,66 �;2,88 �;Registado;X;
;515513300 - Crystallinedream - Anima��o Turistica Unipessoal Lda;FT BOLTRH002/105 / JJ2MKBC4-105;Fatura;01/11/2024;11,40 �;0,65 �;10,75 �;Registado;X;
;513063536 - Marlene Vieira, Lda;VZ6 M24CMVFO/105689 / JJZR8G3Z-105689;Fatura simplificada;09/11/2024;5,50 �;0,63 �;4,87 �;Registado;X;
Outros;516642928 - Instante Promissor, Lda;FR T0003/18706 / JFS3T7MH-18706;Fatura-recibo;29/11/2024;10,99 �;0,62 �;10,37 �;Registado;X;
Outros;517620766 - Get U There Unipessoal Lda;FR T0001/8917 / JFYYCV7F-8917;Fatura-recibo;23/11/2024;10,97 �;0,62 �;10,35 �;Registado;X;
Outros;517578140 - Apliculante - Unipessoal Lda;FR T0001/6136 / JFYPRFK5-6136;Fatura-recibo;20/11/2024;10,96 �;0,62 �;10,34 �;Registado;X;
Outros;515350036 - Volume Variavel Unipessoal Lda;FR T0004/14412 / JFMTD8W7-14412;Fatura-recibo;05/11/2024;10,78 �;0,61 �;10,17 �;Registado;X;
;510601316 - Nata da Nata Lda;FS A24VSEVFO20/456590 / JFCMVH9T-456590;Fatura simplificada;09/11/2024;5,20 �;0,60 �;4,60 �;Registado;X;
;504273183 - Prime Food, S.A.;FS 022/2922522 / JFF2B6SN-2922522;Fatura simplificada;12/10/2024;5,20 �;0,60 �;4,60 �;Registado;X;
Alojamento, restaura��o e similares;501955720 - Ginginha Cima Lda;FS 24A/138606 / JJ67XKKG-138606;Fatura simplificada;04/11/2024;3,10 �;0,58 �;2,52 �;Registado;X;
Alojamento, restaura��o e similares;501955720 - Ginginha Cima Lda;FS 24A/129096 / JJ67XKKG-129096;Fatura simplificada;14/10/2024;3,10 �;0,58 �;2,52 �;Registado;X;
Alojamento, restaura��o e similares;510551092 - Elenco Unico Lda;FS 00002/549353 / JF27P3X3-549353;Fatura simplificada;11/10/2024;5,00 �;0,58 �;4,42 �;Registado;X;
Alojamento, restaura��o e similares;501955720 - Ginginha Cima Lda;FS 24A/123975 / JJ67XKKG-123975;Fatura simplificada;04/10/2024;3,10 �;0,58 �;2,52 �;Registado;X;
Alojamento, restaura��o e similares;501955720 - Ginginha Cima Lda;FS 24A/123039 / JJ67XKKG-123039;Fatura simplificada;02/10/2024;3,10 �;0,58 �;2,52 �;Registado;X;
;516712004 - Simone Cruz Unipessoal Lda;FR T0004/7199 / JFWNXTG8-7199;Fatura-recibo;04/11/2024;10,09 �;0,57 �;9,52 �;Registado;X;
;506683656 - Depv - Engenharia, Transportes e Servi�os, Lda;FR T0004/6613 / JFSJNHJT-6613;Fatura-recibo;21/10/2024;9,79 �;0,55 �;9,24 �;Registado;X;
;509323065 - A Padaria Portuguesa Cq - Actividades Hoteleiras Lda;FS 038/2012784 / JFZNGDWF-2012784;Fatura simplificada;09/11/2024;2,90 �;0,54 �;2,36 �;Registado;X;
Outros;514884304 - Pedro Diogo Sousa Unipessoal Lda;FR T0004/7307 / JFS5FYGT-7307;Fatura-recibo;07/10/2024;9,50 �;0,54 �;8,96 �;Registado;X;
Outros;517603861 - Opulentjungle Unipessoal Lda;FR T0001/17535 / JJ2SV8M6-17535;Fatura-recibo;31/12/2024;9,42 �;0,53 �;8,89 �;Registado;X;
Outros;515127850 - Decada Ousada Lda;FR T0004/162610 / JFHGTZKX-162610;Fatura-recibo;05/10/2024;9,32 �;0,53 �;8,79 �;Registado;X;
Outros;508668050 - Blueticket - Servi�os de Bilhetica S A;FS 0000000253/0001320412 / JFHXXF2G-0001320412;Fatura simplificada;17/10/2024;2,66 �;0,50 �;2,16 �;Registado;X;
;516615769 - Capricho Fenomenal - Unipessoal Lda;FR T0002/129140 / JFPP24R9-129140;Fatura-recibo;14/12/2024;8,44 �;0,48 �;7,96 �;Registado;X;
;500228779 - Antiga Confeitaria Belem Lda;FS 901/6251018 / JFSTT664-6251018;Fatura simplificada;11/10/2024;4,20 �;0,48 �;3,72 �;Registado;X;
;500228779 - Antiga Confeitaria Belem Lda;FS 901/6220841 / JFSTT664-6220841;Fatura simplificada;05/10/2024;4,20 �;0,48 �;3,72 �;Registado;X;
;515669300 - Antonio Silveira Ramos Unipessoal Lda;FR T0005/64973 / JFMY8DMF-64973;Fatura-recibo;04/10/2024;8,46 �;0,48 �;7,98 �;Registado;X;
Outros;516647121 - Seagull Glory - Unipessoal Lda;FR T0004/16421 / JFM5CN7X-16421;Fatura-recibo;17/10/2024;8,27 �;0,47 �;7,80 �;Registado;X;
Alojamento, restaura��o e similares;510551092 - Elenco Unico Lda;FS 00002/559459 / JF27P3X3-559459;Fatura simplificada;04/11/2024;4,00 �;0,46 �;3,54 �;Registado;X;
Outros;517243962 - Ability Devotion Unipessoal Lda;FR T0001/10176 / JFGY9M85-10176;Fatura-recibo;01/12/2024;7,98 �;0,45 �;7,53 �;Registado;X;
;510601316 - Nata da Nata Lda;FS 002/121579 / JJKWSCZX-121579;Fatura simplificada;31/10/2024;3,90 �;0,45 �;3,45 �;Registado;X;
Outros;518033546 - New Life Drivers Unipessoal Lda;FR T0001/19990 / JJ2X7X2J-19990;Fatura-recibo;21/10/2024;7,93 �;0,45 �;7,48 �;Registado;X;
;501883045 - Santini S.A.;FS 117/499237 / JFK3WSZY-499237;Fatura simplificada;14/10/2024;3,90 �;0,45 �;3,45 �;Registado;X;
;501883045 - Santini S.A.;FS 117/499242 / JFK3WSZY-499242;Fatura simplificada;14/10/2024;3,90 �;0,45 �;3,45 �;Registado;X;
;510601316 - Nata da Nata Lda;FS 002/93393 / JJKWSCZX-93393;Fatura simplificada;06/10/2024;3,90 �;0,45 �;3,45 �;Registado;X;
;510601316 - Nata da Nata Lda;FS 002/158471 / JJKWSCZX-158471;Fatura simplificada;03/12/2024;3,50 �;0,40 �;3,10 �;Registado;X;
Outros;515563137 - Gargulas e Drag�es Lda;FR T0003/5720 / JF4Z3HMC-5720;Fatura-recibo;15/10/2024;7,01 �;0,40 �;6,61 �;Registado;X;
;516670344 - Tempo Moreno - Unipessoal Lda;FR T0004/46906 / JFMB8RR9-46906;Fatura-recibo;01/12/2024;6,91 �;0,39 �;6,52 �;Registado;X;
;509872590 - Cravo Popular - Lda;4 C23/15 / JFWNNYBM-15;Nota de cr�dito;20/10/2024;2,00 �;0,37 �;1,63 �;Registado;X;
Outros;514074639 - Avenidas Invertidas Lda;FR T0005/254320 / JFBZNDVB-254320;Fatura-recibo;17/10/2024;6,49 �;0,37 �;6,12 �;Registado;X;
;513251464 - Meridianlevel, Lda;FR T0006/515 / JJS7HK4V-515;Fatura-recibo;23/12/2024;6,24 �;0,35 �;5,89 �;Registado;X;
;514458364 - Romes Oliveira, Unipessoal Lda;FR T0004/6352 / JF9CJC3H-6352;Fatura-recibo;02/12/2024;6,11 �;0,35 �;5,76 �;Registado;X;
;517671441 - Saltyzebra Unipessoal Lda;FR T0001/7725 / JFDWRRSG-7725;Fatura-recibo;21/11/2024;6,24 �;0,35 �;5,89 �;Registado;X;
;509323065 - A Padaria Portuguesa Cq - Actividades Hoteleiras Lda;FS 058/1906707 / JF2RX7KH-1906707;Fatura simplificada;03/11/2024;3,99 �;0,35 �;3,64 �;Registado;X;
;516984101 - Whisperoasis Unipessoal Lda;FR T0001/98521 / JJ2T43P7-98521;Fatura-recibo;19/12/2024;5,94 �;0,34 �;5,60 �;Registado;X;
;517330431 - Portu-Bangla Xpress Lda;FR T0001/64975 / JFP88BVF-64975;Fatura-recibo;29/11/2024;5,96 �;0,34 �;5,62 �;Registado;X;
;517079682 - Felicidade Pontual - Unipessoal Lda;FR T0002/7633 / JFMPC8RP-7633;Fatura-recibo;21/10/2024;5,94 �;0,34 �;5,60 �;Registado;X;
Outros;515842370 - Est�rias Cruzadas, Sociedade Unipessoal Lda;FR T0005/11304 / JFSJT4YG-11304;Fatura-recibo;06/12/2024;5,76 �;0,33 �;5,43 �;Registado;X;
Outros;516580230 - Dear Freshness Unipessoal Lda;FR T0004/16385 / JFSHTR4H-16385;Fatura-recibo;08/10/2024;5,76 �;0,33 �;5,43 �;Registado;X;
;517454092 - Rumos Nomadas Unipessoal Lda;FR T0001/2427 / JFY42M4V-2427;Fatura-recibo;26/11/2024;5,59 �;0,32 �;5,27 �;Registado;X;
;505174839 - Parques de Sintra - Monte da Lua S A;FTR 24001/59078 / JF848BH6-59078;Fatura-recibo;20/10/2024;5,70 �;0,32 �;5,38 �;Registado;X;
Alojamento, restaura��o e similares;513069348 - Alcoacakes Lda;13 051T/513186 / JFMKN5V8-513186;Fatura simplificada;14/10/2024;2,80 �;0,32 �;2,48 �;Registado;X;
;515617512 - Pride & Tenderness Unipessoal Lda;FR T0004/3149 / JFRDRHR7-3149;Fatura-recibo;19/12/2024;5,47 �;0,31 �;5,16 �;Registado;X;
Outros;517619717 - Tecla Romantica Unipessoal Lda;FR T0006/428 / JJSP2M4H-428;Fatura-recibo;23/11/2024;5,40 �;0,31 �;5,09 �;Registado;X;
;510601316 - Nata da Nata Lda;FS 002/130742 / JJKWSCZX-130742;Fatura simplificada;09/11/2024;2,60 �;0,30 �;2,30 �;Registado;X;
;510601316 - Nata da Nata Lda;FS A24VSEVFO20/450271 / JFCMVH9T-450271;Fatura simplificada;04/11/2024;2,60 �;0,30 �;2,30 �;Registado;X;
;504273183 - Prime Food, S.A.;FS 022/2921174 / JFF2B6SN-2921174;Fatura simplificada;11/10/2024;2,60 �;0,30 �;2,30 �;Registado;X;
;503130516 - Cacau da Ribeira Industria Hoteleira Lda;FS 100/92063 / JF28S5JR-92063;Fatura simplificada;11/10/2024;2,60 �;0,30 �;2,30 �;Registado;X;
;504273183 - Prime Food, S.A.;FS 022/2911341 / JFF2B6SN-2911341;Fatura simplificada;04/10/2024;2,60 �;0,30 �;2,30 �;Registado;X;
;504273183 - Prime Food, S.A.;FS 022/2909015 / JFF2B6SN-2909015;Fatura simplificada;02/10/2024;2,60 �;0,30 �;2,30 �;Registado;X;
;517805863 - Saief Unipessoal Lda;FR T0001/11604 / JJNSBHKK-11604;Fatura-recibo;18/11/2024;5,07 �;0,29 �;4,78 �;Registado;X;
Alojamento, restaura��o e similares;501955720 - Ginginha Cima Lda;FS 24A/127586 / JJ67XKKG-127586;Fatura simplificada;11/10/2024;1,55 �;0,29 �;1,26 �;Registado;X;
;509872590 - Cravo Popular - Lda;4 C23/17 / JFWNNYBM-17;Nota de cr�dito;31/12/2024;1,50 �;0,28 �;1,22 �;Registado;X;
Outros;517692880 - Weekend Automat Lda;FR T0001/85022 / JF84H8KC-85022;Fatura-recibo;27/12/2024;4,90 �;0,28 �;4,62 �;Registado;X;
;517790246 - Move Transit Lda;FR T0001/5424 / JJZKG262-5424;Fatura-recibo;26/12/2024;4,99 �;0,28 �;4,71 �;Registado;X;
Outros;517141310 - Borboleta Fluorescente - Lda;FR T0001/153675 / JFYPF94V-153675;Fatura-recibo;14/12/2024;4,90 �;0,28 �;4,62 �;Registado;X;
Outros;515176346 - Dolphinprogress - Viagens e Turismo Unipessoal Lda;FR T0004/6494 / JF75PBY2-6494;Fatura-recibo;21/11/2024;4,96 �;0,28 �;4,68 �;Registado;X;
Outros;514350857 - Lagarto Janota Unipessoal Lda;FR T0004/84062 / JFSSJ6VS-84062;Fatura-recibo;08/12/2024;4,80 �;0,27 �;4,53 �;Registado;X;
;515818720 - Frequent Spring Unipessoal Lda;FR T0003/46366 / JFSXF86P-46366;Fatura-recibo;25/11/2024;4,80 �;0,27 �;4,53 �;Registado;X;
;518119149 - Pjk Unipessoal Lda;FR T0006/714 / JJKY7D5R-714;Fatura-recibo;24/11/2024;4,74 �;0,27 �;4,47 �;Registado;X;
Outros;514511087 - Forwardblue Unipessoal Lda;FR T0004/3255 / JFS757BB-3255;Fatura-recibo;23/11/2024;4,80 �;0,27 �;4,53 �;Registado;X;
Outros;517283484 - Jasdeep Singh Sanghera - Unipessoal Lda;FR T0001/7722 / JFPJS57M-7722;Fatura-recibo;21/11/2024;4,80 �;0,27 �;4,53 �;Registado;X;
;516302531 - Luxury Marathon Unipessoal Lda;FR T0003/77048 / JFMDCXWY-77048;Fatura-recibo;21/11/2024;4,80 �;0,27 �;4,53 �;Registado;X;
;516835629 - Seletivazafama - Unipessoal Lda;FR T0004/123156 / JFSVJYST-123156;Fatura-recibo;20/11/2024;4,80 �;0,27 �;4,53 �;Registado;X;
;516664360 - Sergio Ventura Teixeira Unipessoal Lda;FR T0004/9402 / JFST53PV-9402;Fatura-recibo;20/11/2024;4,80 �;0,27 �;4,53 �;Registado;X;
;514441046 - Planet Mountain Lda;FR T0004/87961 / JFMZ8JTP-87961;Fatura-recibo;18/11/2024;4,80 �;0,27 �;4,53 �;Registado;X;
;515771465 - Ambitious Wise - Unipessoal Lda;FR T0002/25842 / JFMRCSHB-25842;Fatura-recibo;18/11/2024;4,70 �;0,27 �;4,43 �;Registado;X;
;514939400 - Stepan Kovch Unipessoal Lda;FR T0004/2206 / JFM5CC7H-2206;Fatura-recibo;19/12/2024;4,52 �;0,26 �;4,26 �;Registado;X;
Outros;517603861 - Opulentjungle Unipessoal Lda;FR T0001/13586 / JJ2SV8M6-13586;Fatura-recibo;17/11/2024;4,64 �;0,26 �;4,38 �;Registado;X;
;517086948 - Daniel Vieira Tomaz Unipessoal Lda;FR T0002/25021 / JFSSF49P-25021;Fatura-recibo;28/11/2024;4,40 �;0,25 �;4,15 �;Registado;X;
Outros;515053813 - Frequentmarathon, Lda;FR T0005/429133 / JFM9DT4P-429133;Fatura-recibo;04/11/2024;4,00 �;0,23 �;3,77 �;Registado;X;
;509872590 - Cravo Popular - Lda;4 C23/14 / JFWNNYBM-14;Nota de cr�dito;08/10/2024;0,90 �;0,10 �;0,80 �;Registado;X;
Outros;214767493 - Jose Pedro Moreira Melo;FR ATSIRE01FR/3 / JJMPJR67-3;Fatura-recibo;31/12/2024;3.365,00 �;0,00 �;3.365,00 �;Registado;X;
Outros;222054670 - Ana Margarida da Silva Cal�ada;FR ATSIRE01FR/4 / JJM4F93R-4;Fatura-recibo;31/12/2024;45,00 �;0,00 �;45,00 �;Registado;X;
Outros;240007190 - Margarida Nobre Nunes;FR ATSIRE01FR/7 / JJX9849Y-7;Fatura-recibo;30/12/2024;270,00 �;0,00 �;270,00 �;Registado;X;
;256937869 - Bernardo Franco Rufino;FR ATSIRE01FR/16 / JJXP455H-16;Fatura-recibo;30/12/2024;100,00 �;0,00 �;100,00 �;Registado;X;
Outros;513204016 - Novo Banco S A;F1 F42B/4206246599 / JJFP4NJC-4206246599;Fatura;25/12/2024;1,16 �;0,00 �;1,12 �;Registado;X;
Outros;501450203 - Fabrica da Igreja Paroquial da Freguesia de S Pedro;FT 24010/4754;Fatura-recibo;16/12/2024;6,00 �;0,00 �;6,00 �;Registado;X;
Outros;513204016 - Novo Banco S A;F1 F42B/4206101109 / JJFP4NJC-4206101109;Fatura;15/12/2024;3,79 �;0,00 �;3,65 �;Registado;X;
;222280212 - Mariana Fonseca da Silva Delgado;FR ATSIRE01FR/10 / JJXMPB7F-10;Fatura-recibo;09/12/2024;625,00 �;0,00 �;625,00 �;Registado;X;
Outros;233814680 - Andre Batista Tiago da Costa;FR ATSIRE01FR/5 / JJMRS6CP-5;Fatura-recibo;06/12/2024;80,00 �;0,00 �;80,00 �;Registado;X;
Outros;214849430 - Rita Cid-Torres Portugal Azevedo;FR ATSIRE01FR/7 / JJXGCH5S-7;Fatura-recibo;04/12/2024;370,00 �;0,00 �;370,00 �;Registado;X;
Outros;513204016 - Novo Banco S A;F2 F43B/4310145278 / JJF54NHZ-4310145278;Fatura;03/12/2024;7,28 �;0,00 �;7,00 �;Registado;X;
Outros;222054670 - Ana Margarida da Silva Cal�ada;FR ATSIRE01FR/3 / JJM4F93R-3;Fatura-recibo;30/11/2024;225,00 �;0,00 �;225,00 �;Registado;X;
Outros;240007190 - Margarida Nobre Nunes;FR ATSIRE01FR/6 / JJX9849Y-6;Fatura-recibo;30/11/2024;450,00 �;0,00 �;450,00 �;Registado;X;
Outros;517804417 - Museus e Monumentos de Portugal e P E;SL W1-7/86489 / JJ6FW99Z-86489;Fatura-recibo;29/11/2024;24,00 �;0,00 �;24,00 �;Registado;X;
;256937869 - Bernardo Franco Rufino;FR ATSIRE01FR/15 / JJXP455H-15;Fatura-recibo;28/11/2024;100,00 �;0,00 �;100,00 �;Registado;X;
Outros;513204016 - Novo Banco S A;F1 F42B/4205534724 / JJFP4NJC-4205534724;Fatura;15/11/2024;3,82 �;0,00 �;3,67 �;Registado;X;
Outros;517804417 - Museus e Monumentos de Portugal e P E;SL W1-7/81734 / JJ6FW99Z-81734;Fatura-recibo;13/11/2024;60,00 �;0,00 �;60,00 �;Registado;X;
;222280212 - Mariana Fonseca da Silva Delgado;FR ATSIRE01FR/8 / JJXMPB7F-8;Fatura-recibo;12/11/2024;1.985,00 �;0,00 �;1.985,00 �;Registado;X;
Outros;216233739 - Hugo Miguel Pinto Calado;FR ATSIRE01FR/6 / JJMW6BB2-6;Fatura-recibo;06/11/2024;270,00 �;0,00 �;270,00 �;Registado;X;
Outros;233477934 - Madalena dos Santos Ferreira de Almeida Vieira;FR ATSIRE01FR/4 / JJMG5XJW-4;Fatura-recibo;04/11/2024;795,00 �;0,00 �;795,00 �;Registado;X;
Outros;513204016 - Novo Banco S A;F2 F43B/4309159070 / JJF54NHZ-4309159070;Fatura;03/11/2024;7,28 �;0,00 �;7,00 �;Registado;X;
Outros;216233739 - Hugo Miguel Pinto Calado;FR ATSIRE01FR/4 / JJMW6BB2-4;Fatura-recibo;02/11/2024;315,00 �;0,00 �;315,00 �;Documento Anulado pelo Emitente;X;
Outros;214849430 - Rita Cid-Torres Portugal Azevedo;FR ATSIRE01FR/4 / JJXGCH5S-4;Fatura-recibo;01/11/2024;650,00 �;0,00 �;650,00 �;Registado;X;
;263695000 - Maria Eduarda Facury Pedro;FR ATSIRE01FR/2 / JJM9KKP2-2;Fatura-recibo;01/11/2024;270,00 �;0,00 �;270,00 �;Registado;X;
Outros;240007190 - Margarida Nobre Nunes;FR ATSIRE01FR/4 / JJX9849Y-4;Fatura-recibo;01/11/2024;765,00 �;0,00 �;765,00 �;Registado;X;
Outros;222054670 - Ana Margarida da Silva Cal�ada;FR ATSIRE01FR/2 / JJM4F93R-2;Fatura-recibo;31/10/2024;630,00 �;0,00 �;630,00 �;Registado;X;
Outros;228601118 - Ricardo Filipe da Mota Santos;FR ATSIRE01FR/4 / JJM5NHF4-4;Fatura-recibo;31/10/2024;900,00 �;0,00 �;900,00 �;Registado;X;
Outros;228601118 - Ricardo Filipe da Mota Santos;FR ATSIRE01FR/3 / JJM5NHF4-3;Fatura-recibo;30/10/2024;0,90 �;0,00 �;0,90 �;Documento Anulado pelo Emitente;X;
Outros;214767493 - Jose Pedro Moreira Melo;FR ATSIRE01FR/2 / JJMPJR67-2;Fatura-recibo;24/10/2024;1.880,00 �;0,00 �;1.880,00 �;Registado;X;
Outros;503888729 - Funda��o Cultursintra, Fp;FT 0000000420/0000898068 / JFHKSVHS-0000898068;Fatura;17/10/2024;36,00 �;0,00 �;36,00 �;Registado;X;
Outros;517804417 - Museus e Monumentos de Portugal e P E;SL W1-7/72593 / JJ6FW99Z-72593;Fatura-recibo;17/10/2024;60,00 �;0,00 �;60,00 �;Registado;X;
Outros;513204016 - Novo Banco S A;F1 F42B/4204983565 / JJFP4NJC-4204983565;Fatura;15/10/2024;3,93 �;0,00 �;3,78 �;Registado;X;
Outros;503888729 - Funda��o Cultursintra, Fp;FT 0000000420/0000892145 / JFHKSVHS-0000892145;Fatura;12/10/2024;48,00 �;0,00 �;48,00 �;Registado;X;
Outros;214849430 - Rita Cid-Torres Portugal Azevedo;FR ATSIRE01FR/2 / JJXGCH5S-2;Fatura-recibo;08/10/2024;830,00 �;0,00 �;830,00 �;Registado;X;
;263695000 - Maria Eduarda Facury Pedro;FR ATSIRE01FR/1 / JJM9KKP2-1;Fatura-recibo;07/10/2024;660,00 �;0,00 �;660,00 �;Registado;X;
Outros;501815538 - Cabido da Basilica Metropolitana de Evora;FR FR.2024/1380 / JFCJV6PV-1380;Fatura-recibo;07/10/2024;8,00 �;0,00 �;8,00 �;Registado;X;
Outros;501450203 - Fabrica da Igreja Paroquial da Freguesia de S Pedro;FT 24010/3758;Fatura;07/10/2024;12,00 �;0,00 �;12,00 �;Registado;X;
Outros;233477934 - Madalena dos Santos Ferreira de Almeida Vieira;FR ATSIRE01FR/2 / JJMG5XJW-2;Fatura-recibo;05/10/2024;1.245,00 �;0,00 �;1.245,00 �;Registado;X;
Outros;513204016 - Novo Banco S A;F2 F43B/4308173938 / JJF54NHZ-4308173938;Fatura;03/10/2024;7,28 �;0,00 �;7,00 �;Registado;X;
;201107511 - Guilherme Pereira de Castro Mira Godinho;FR ATSIRE01FR/1 / JJM4NT49-1;Fatura-recibo;02/10/2024;45,00 �;0,00 �;45,00 �;Registado;X;
Outros;228601118 - Ricardo Filipe da Mota Santos;FR ATSIRE01FR/2 / JJM5NHF4-2;Fatura-recibo;02/10/2024;1.415,00 �;0,00 �;1.415,00 �;Registado;X;
Outros;228601118 - Ricardo Filipe da Mota Santos;FR ATSIRE01FR/1 / JJM5NHF4-1;Fatura-recibo;02/10/2024;1.450,00 �;0,00 �;1.450,00 �;Documento Anulado pelo Emitente;X;
;222280212 - Mariana Fonseca da Silva Delgado;FR ATSIRE01FR/6 / JJXMPB7F-6;Fatura-recibo;02/10/2024;1.695,00 �;0,00 �;1.695,00 �;Registado;X;
Outros;216233739 - Hugo Miguel Pinto Calado;FR ATSIRE01FR/1 / JJMW6BB2-1;Fatura-recibo;01/10/2024;540,00 �;0,00 �;540,00 �;Registado;X;
